

Connections discovered:
SW1_DIST_HVALERRAADHUS;XG0/0/1;SW1_DIST_KRAKEROY;XG0/0/1;10G;
SW1_DIST_HVALERRAADHUS;XG0/0/2;SW1_ACCESS_HVALERRAADHUS;XG0/0/1;10G;
SW1_DIST_HVALERRAADHUS;XG0/0/3;SW1_ACCESS_BRATTESTO;XG0/0/1;1G;
SW1_DIST_HVALERRAADHUS;XG0/0/4;SW1_ACCESS_OLASVINGEN;XG0/0/1;10G;
SW1_DIST_HVALERRAADHUS;XG0/0/5;SW1_DIST_DYPEDAL;XG0/0/6;10G;
SW1_DIST_HVALERRAADHUS;XG0/0/6;SW1_ACCESS_SANDHELLA;XG0/0/1;10G;
SW1_DIST_HVALERRAADHUS;XG0/0/7;SW1_ACCESS_VADBENKEN8;XG0/0/1;1G;
SW1_DIST_HVALERRAADHUS;XG0/0/8;SW1_ACCESS_SANDBAKKEN;XG0/0/1;1G;
SW1_DIST_HVALERRAADHUS;XG0/0/11;SW1_DIST_KORSHAVN;XG0/0/3;10G;
SW1_DIST_HVALERRAADHUS;XG0/0/12;SW3_ACCESS_NEDGARD;XG0/0/1;10G;
SW1_DIST_HVALERRAADHUS;XG0/0/13;SW2_ACCESS_HVALERRAADHUS;XG0/0/1;10G;
SW1_DIST_HVALERRAADHUS;XG0/0/14;SW3_ACCESS_HVALERRAADHUS;XG0/0/1;10G;
SW1_DIST_HVALERRAADHUS;XG0/0/15;SW5_ACCESS_HVALERRAADHUS_MIRROR;XG0/0/1;10G;
SW1_DIST_HVALERRAADHUS;XG0/0/16;SW1_ACCESS_HERFOL;XG0/0/2;10G;
SW1_DIST_HVALERRAADHUS;XG0/0/17;SW1_ACCESS_BOLINGSHAVN;XG0/0/1;10G;
SW1_DIST_HVALERRAADHUS;XG0/0/19;R1_BNG_HVALER;G0/3/1;10G;
SW1_DIST_HVALERRAADHUS;XG0/0/20;SW4_ACCESS_HVALERRAADHUS;XG0/0/1;10G;
SW1_DIST_HVALERRAADHUS;XG0/0/22;SW6_ACCESS_HVALERRAADHUS;XG0/0/1;10G;
SW1_DIST_HVALERRAADHUS;XG0/0/23;R1_BNG_HVALER;G0/3/2;10G;
SW1_DIST_KRAKEROY;XG0/0/1;SW1_DIST_HVALERRAADHUS;XG0/0/1;10G;
SW1_DIST_KRAKEROY;XG0/0/4;R2_BNG_KRAKEROY;G0/3/1;10G;
SW1_DIST_KRAKEROY;XG0/0/6;SW1_ACCESS_NORDERHAUG;XG0/0/1;1G;
SW1_DIST_KRAKEROY;XG0/0/7;SW1_ACCESS_HOLMETANGEN;XG0/0/1;1G;
SW1_DIST_KRAKEROY;XG0/0/9;SW2_ACCESS_SANDHELLA;XG0/0/1;10G;
SW1_DIST_KRAKEROY;XG0/0/10;SW1_DIST_DYPEDAL;XG0/0/1;10G;
SW1_DIST_KRAKEROY;XG0/0/12;SW1_ACCESS_KRAKEROY;XG0/0/2;10G;
SW1_DIST_KRAKEROY;XG0/0/15;SW1_DIST_KORSHAVN;XG0/0/1;10G;
SW1_DIST_KRAKEROY;XG0/0/23;R2_BNG_KRAKEROY;G0/3/2;10G;
SW1_DIST_KRAKEROY;XG0/0/24;SW2_ACCESS_NESET;XG0/0/1;10G;
SW1_DIST_DYPEDAL;XG0/0/1;SW1_DIST_KRAKEROY;XG0/0/10;10G;
SW1_DIST_DYPEDAL;XG0/0/2;SW1_ACCESS_DYPEDAL;XG0/0/3;10G;
SW1_DIST_DYPEDAL;XG0/0/3;SW2_ACCESS_OLASVINGEN;XG0/0/4;10G;
SW1_DIST_DYPEDAL;XG0/0/4;SW1_ACCESS_BRATTESTO;XG0/0/2;10G;
SW1_DIST_DYPEDAL;XG0/0/6;SW1_DIST_HVALERRAADHUS;XG0/0/5;10G;
SW1_DIST_DYPEDAL;XG0/0/7;SW4_ACCESS_NORDERHAUG;XG0/0/3;10G;
SW1_ACCESS_SANDBAKKEN;XG0/0/1;SW1_DIST_HVALERRAADHUS;XG0/0/8;1G;
SW1_ACCESS_SANDBAKKEN;XG0/0/2;SW2_ACCESS_SANDBAKKEN;G0/0/25;1G;
SW2_ACCESS_SANDBAKKEN;G0/0/3;GS1900;4;1G;
SW2_ACCESS_SANDBAKKEN;G0/0/25;SW1_ACCESS_SANDBAKKEN;XG0/0/2;1G;
SW1_ACCESS_VADBENKEN8;XG0/0/1;SW1_DIST_HVALERRAADHUS;XG0/0/7;1G;
SW1_ACCESS_BRATTESTO;XG0/0/1;SW1_DIST_HVALERRAADHUS;XG0/0/3;1G;
SW1_ACCESS_BRATTESTO;XG0/0/2;SW1_DIST_DYPEDAL;XG0/0/4;10G;
SW1_ACCESS_BRATTESTO;XG0/0/3;SW2_ACCESS_BRATTESTO;XG0/0/1;10G;
SW1_ACCESS_NESET;XG0/0/1;SW2_ACCESS_NESET;XG0/0/2;10G;
SW1_ACCESS_NESET;XG0/0/2;SW1_ACCESS_STORMUSBR;XG0/0/1;10G;
SW2_ACCESS_DYPEDAL;XG0/0/2;SW1_ACCESS_DYPEDAL;XG0/0/1;1G;
SW2_ACCESS_DYPEDAL;XG0/0/3;SW3_ACCESS_HVALKOMMUNE;G0/0/49;1G;
SW1_ACCESS_KRAKEROY;G0/0/23;C4B8_B467_9E00;G0/0/0;NULL;
SW1_ACCESS_KRAKEROY;XG0/0/2;SW1_DIST_KRAKEROY;XG0/0/12;10G;
SW2_ACCESS_OLASVINGEN;XG0/0/1;SW1_ACCESS_OLASVINGEN;XG0/0/2;1G;
SW2_ACCESS_OLASVINGEN;XG0/0/2;SW3_ACCESS_RO;XG0/0/1;10G;
SW2_ACCESS_OLASVINGEN;XG0/0/4;SW1_DIST_DYPEDAL;XG0/0/3;10G;
SW1_ACCESS_NORDERHAUG;XG0/0/1;SW1_DIST_KRAKEROY;XG0/0/6;1G;
SW1_ACCESS_NORDERHAUG;XG0/0/2;SW1_ACCESS_BYGGERN;XG0/0/1;1G;
SW1_ACCESS_NORDERHAUG;XG0/0/3;SW2_ACCESS_NORDERHAUG;XG0/0/1;1G;
SW1_ACCESS_OLASVINGEN;XG0/0/1;SW1_DIST_HVALERRAADHUS;XG0/0/4;10G;
SW1_ACCESS_OLASVINGEN;XG0/0/2;SW2_ACCESS_OLASVINGEN;XG0/0/1;1G;
SW1_ACCESS_HOLMETANGEN;XG0/0/1;SW1_DIST_KRAKEROY;XG0/0/7;1G;
SW1_ACCESS_HOLMETANGEN;XG0/0/2;SW2_ACCESS_HOLMETANGEN;XG0/0/1;1G;
SW1_ACCESS_KORSHAVN;XG0/0/2;SW1_DIST_KORSHAVN;XG0/0/4;10G;
SW1_ACCESS_BYGGERN;XG0/0/1;SW1_ACCESS_NORDERHAUG;XG0/0/2;1G;
SW1_ACCESS_DYPEDAL;G0/0/1;SW2_ACCESS_HVALKOMMUNE;XG0/0/1;1G;
SW1_ACCESS_DYPEDAL;G0/0/2;SW1_ACCESS_HVALKOMMUNE_01;XG0/0/1;1G;
SW1_ACCESS_DYPEDAL;XG0/0/1;SW2_ACCESS_DYPEDAL;XG0/0/2;1G;
SW1_ACCESS_DYPEDAL;XG0/0/3;SW1_DIST_DYPEDAL;XG0/0/2;10G;
SW1_ACCESS_HVALKOMMUNE_01;XG0/0/1;SW1_ACCESS_DYPEDAL;G0/0/2;1G;
SW2_ACCESS_HVALKOMMUNE;XG0/0/1;SW1_ACCESS_DYPEDAL;G0/0/1;1G;
SW3_ACCESS_HVALKOMMUNE;G0/0/49;SW2_ACCESS_DYPEDAL;XG0/0/3;1G;
SW1_ACCESS_STORMUSBR;XG0/0/1;SW1_ACCESS_NESET;XG0/0/2;10G;
SW1_ACCESS_STORMUSBR;XG0/0/2;SW2_ACCESS_STORMUSBR;XG0/0/1;10G;
SW2_ACCESS_STORMUSBR;XG0/0/1;SW1_ACCESS_STORMUSBR;XG0/0/2;10G;
SW2_ACCESS_HOLMETANGEN;XG0/0/1;SW1_ACCESS_HOLMETANGEN;XG0/0/2;1G;
SW1_ACCESS_SANDHELLA;XG0/0/1;SW1_DIST_HVALERRAADHUS;XG0/0/6;10G;
SW1_ACCESS_SANDHELLA;XG0/0/3;SW2_ACCESS_SANDHELLA;XG0/0/3;10G;
SW2_ACCESS_NORDERHAUG;XG0/0/1;SW1_ACCESS_NORDERHAUG;XG0/0/3;1G;
SW2_ACCESS_NORDERHAUG;XG0/0/2;SW3_ACCESS_NORDERHAUG;XG0/0/1;1G;
SW2_ACCESS_SANDHELLA;XG0/0/1;SW1_DIST_KRAKEROY;XG0/0/9;10G;
SW2_ACCESS_SANDHELLA;XG0/0/3;SW1_ACCESS_SANDHELLA;XG0/0/3;10G;
SW2_ACCESS_SANDHELLA;XG0/0/4;SW3_ACCESS_SANDHELLA;XG0/0/1;10G;
SW2_ACCESS_NESET;XG0/0/1;SW1_DIST_KRAKEROY;XG0/0/24;10G;
SW2_ACCESS_NESET;XG0/0/2;SW1_ACCESS_NESET;XG0/0/1;10G;
SW2_ACCESS_NESET;XG0/0/3;SW3_ACCESS_NESET;XG0/0/1;10G;
SW4_ACCESS_HVALERRAADHUS;XG0/0/1;SW1_DIST_HVALERRAADHUS;XG0/0/20;10G;
SW1_ACCESS_HVALERRAADHUS;G0/0/24;WLC1_HVALER;G0/0/1;1G;
SW2_ACCESS_HVALERRAADHUS;XG0/0/1;SW1_DIST_HVALERRAADHUS;XG0/0/13;10G;
SW3_ACCESS_HVALERRAADHUS;XG0/0/1;SW1_DIST_HVALERRAADHUS;XG0/0/14;10G;
SW3_ACCESS_SANDHELLA;XG0/0/1;SW2_ACCESS_SANDHELLA;XG0/0/4;10G;
SW3_ACCESS_SANDHELLA;XG0/0/2;SW4_ACCESS_SANDHELLA;XG0/0/1;10G;
SW3_ACCESS_NORDERHAUG;XG0/0/1;SW2_ACCESS_NORDERHAUG;XG0/0/2;1G;
SW3_ACCESS_NORDERHAUG;XG0/0/2;SW2_ACCESS_NORDERHAUG_MIRROR;XG0/0/1;10G;
SW3_ACCESS_NORDERHAUG;XG0/0/3;SW4_ACCESS_NORDERHAUG;XG0/0/1;10G;
SW3_ACCESS_NORDERHAUG;XG0/0/4;SW1_ACCESS_NORDERHAUG_MIRROR;XG0/0/1;10G;
SW3_ACCESS_RO;XG0/0/1;SW2_ACCESS_OLASVINGEN;XG0/0/2;10G;
SW3_ACCESS_RO;XG0/0/2;SW4_ACCESS_RO;XG0/0/1;10G;
SW1_ACCESS_HERFOL;XG0/0/1;SW2_ACCESS_HERFOL;XG0/0/1;10G;
SW1_ACCESS_HERFOL;XG0/0/2;SW1_DIST_HVALERRAADHUS;XG0/0/16;10G;
SW3_ACCESS_NESET;XG0/0/1;SW2_ACCESS_NESET;XG0/0/3;10G;
SW3_ACCESS_NESET;XG0/0/2;SW4_ACCESS_NESET;XG0/0/1;10G;
SW2_ACCESS_HERFOL;XG0/0/1;SW1_ACCESS_HERFOL;XG0/0/1;10G;
SW4_ACCESS_SANDHELLA;XG0/0/1;SW3_ACCESS_SANDHELLA;XG0/0/2;10G;
SW4_ACCESS_NESET;XG0/0/1;SW3_ACCESS_NESET;XG0/0/2;10G;
SW4_ACCESS_NESET;XG0/0/2;SW5_ACCESS_NESET;XG0/0/1;10G;
SW4_ACCESS_RO;XG0/0/1;SW3_ACCESS_RO;XG0/0/2;10G;
SW1_ACCESS_BOLINGSHAVN;XG0/0/1;SW1_DIST_HVALERRAADHUS;XG0/0/17;10G;
SW1_ACCESS_BOLINGSHAVN;XG0/0/2;SW1_DIST_KORSHAVN;XG0/0/2;10G;
SW1_ACCESS_BOLINGSHAVN;XG0/0/3;SW2_ACCESS_BOLINGSHAVN;XG0/0/1;10G;
SW4_ACCESS_NORDERHAUG;XG0/0/1;SW3_ACCESS_NORDERHAUG;XG0/0/3;10G;
SW4_ACCESS_NORDERHAUG;XG0/0/3;SW1_DIST_DYPEDAL;XG0/0/7;10G;
SW6_ACCESS_HVALERRAADHUS;XG0/0/1;SW1_DIST_HVALERRAADHUS;XG0/0/22;10G;
SW2_ACCESS_BOLINGSHAVN;XG0/0/1;SW1_ACCESS_BOLINGSHAVN;XG0/0/3;10G;
SW5_ACCESS_NESET;XG0/0/1;SW4_ACCESS_NESET;XG0/0/2;10G;
SW2_ACCESS_BRATTESTO;XG0/0/1;SW1_ACCESS_BRATTESTO;XG0/0/3;10G;
SW1_ACCESS_NEDGARD;XG0/0/2;SW2_ACCESS_NEDGARD;XG0/0/1;10G;
SW2_ACCESS_NEDGARD;XG0/0/1;SW1_ACCESS_NEDGARD;XG0/0/2;10G;
SW2_ACCESS_NEDGARD;XG0/0/2;SW3_ACCESS_NEDGARD;XG0/0/2;10G;
SW3_ACCESS_NEDGARD;XG0/0/1;SW1_DIST_HVALERRAADHUS;XG0/0/12;10G;
SW3_ACCESS_NEDGARD;XG0/0/2;SW2_ACCESS_NEDGARD;XG0/0/2;10G;
 
