{
    "failed": true, 
    "msg": "timed out"
}
{
    "changed": false, 
    "deprecations": [
        {
            "msg": "Param 'transport' is deprecated. See the module docs for more information", 
            "version": 2.9
        }
    ], 
    "failed": false, 
    "stdout": [
        "sysname SW1-Dist-Krakeroy", 
        "display lldp neighbor | include Port ID|System|neighbor|OperM \u001b[1Dau\nXGigabitEthernet0/0/1 has 1 neighbor(s):\nPort ID type   :Interface name\nPort ID        :XGigabitEthernet0/0/1\nSystem name         :SW1-DIST-Hvalerraadhus\nSystem description  :S6720S-26Q-EI-24S-AC\nSystem capabilities supported   :bridge router\nSystem capabilities enabled     :bridge router\nOperMau   :speed(1000)/duplex(Full)\nXGigabitEthernet0/0/3 has 1 neighbor(s):\nPort ID type   :Interface name\nPort ID        :gi2\nSystem capabilities supported   :bridge\nSystem capabilities enabled     :bridge\nXGigabitEthernet0/0/4 has 1 neighbor(s):\nPort ID type   :Interface name\nPort ID        :GigabitEthernet0/3/1\nSystem name         :R2-BNG-KRAKEROY\nSystem description  :Huawei Versatile Routing Platform Software\nSystem capabilities supported   :bridge router\nSystem capabilities enabled     :bridge router\nOperMau   :speed(10000)/duplex(Full)\nXGigabitEthernet0/0/5 has 1 neighbor(s):\nPort ID type   :Interface name\nPort ID        :XGigabitEthernet0/0/1\nSystem name         :SW1-Access-Krakeroy\nSystem description  :S5700-28X-LI-24S-AC\nSystem capabilities supported   :bridge\nSystem capabilities enabled     :bridge\nOperMau   :speed(1000)/duplex(Full)\nXGigabitEthernet0/0/6 has 1 neighbor(s):\nPort ID type   :Interface name\nPort ID        :XGigabitEthernet0/0/1\nSystem name         :SW1-Access-Norderhaug\nSystem description  :S5701-28X-LI-24S-AC\nSystem capabilities supported   :bridge\nSystem capabilities enabled     :bridge\nOperMau   :speed(1000)/duplex(Full)\nXGigabitEthernet0/0/7 has 1 neighbor(s):\nPort ID type   :Interface name\nPort ID        :XGigabitEthernet0/0/1\nSystem name         :SW1-Access-Holmetangen\nSystem description  :S5701-28X-LI-24S-AC\nSystem capabilities supported   :bridge\nSystem capabilities enabled     :bridge\nOperMau   :speed(1000)/duplex(Full)\nXGigabitEthernet0/0/9 has 1 neighbor(s):\nPort ID type   :Interface name\nPort ID        :XGigabitEthernet0/0/1\nSystem name         :SW2-Access-Sandhella\nSystem description  :S5701-28X-LI-24S-AC\nSystem capabilities supported   :bridge\nSystem capabilities enabled     :bridge\nOperMau   :speed(1000)/duplex(Full)\nXGigabitEthernet0/0/10 has 1 neighbor(s):\nPort ID type   :Interface name\nPort ID        :XGigabitEthernet0/0/1\nSystem name         :SW1-DIST-DYPEDAL\nSystem description  :S6720S-26Q-EI-24S-AC\nSystem capabilities supported   :bridge router\nSystem capabilities enabled     :bridge router\nOperMau   :speed(10000)/duplex(Full)\nXGigabitEthernet0/0/12 has 1 neighbor(s):\nPort ID type   :Interface name\nPort ID        :XGigabitEthernet0/0/2\nSystem name         :SW1-Access-Krakeroy\nSystem description  :S5700-28X-LI-24S-AC\nSystem capabilities supported   :bridge\nSystem capabilities enabled     :bridge\nOperMau   :speed(10000)/duplex(Full)\nXGigabitEthernet0/0/15 has 1 neighbor(s):\nPort ID type   :Interface name\nPort ID        :XGigabitEthernet0/0/1\nSystem name         :SW1-Dist-Korshavn\nSystem description  :S6720S-26Q-EI-24S-AC\nSystem capabilities supported   :bridge router\nSystem capabilities enabled     :bridge router\nOperMau   :speed(10000)/duplex(Full)\nXGigabitEthernet0/0/21 has 1 neighbor(s):\nPort ID type   :Interface name\nPort ID        :GigabitEthernet1/0/0\nSystem name         :R1-BNG-Krakeroy\nSystem description  :\nSystem capabilities supported   :bridge router\nSystem capabilities enabled     :bridge router\nXGigabitEthernet0/0/22 has 1 neighbor(s):\nPort ID type   :Interface name\nPort ID        :GigabitEthernet1/0/1\nSystem name         :R1-BNG-Krakeroy\nSystem description  :\nSystem capabilities supported   :bridge router\nSystem capabilities enabled     :bridge router\nXGigabitEthernet0/0/23 has 1 neighbor(s):\nPort ID type   :Interface name\nPort ID        :GigabitEthernet0/3/2\nSystem name         :R2-BNG-KRAKEROY\nSystem description  :Huawei Versatile Routing Platform Software\nSystem capabilities supported   :bridge router\nSystem capabilities enabled     :bridge router\nOperMau   :speed(10000)/duplex(Full)\nXGigabitEthernet0/0/24 has 1 neighbor(s):\nPort ID type   :Interface name\nPort ID        :XGigabitEthernet0/0/1\nSystem name         :sw2-access-neset\nSystem description  :S5701-28X-LI-24S-AC\nSystem capabilities supported   :bridge\nSystem capabilities enabled     :bridge\nOperMau   :speed(10000)/duplex(Full)", 
        "*down: administratively down\n^down: standby\n(l): loopback\n(s): spoofing\n(E): E-Trunk down\nThe number of interface that is UP in Physical is 4\nThe number of interface that is DOWN in Physical is 1\nThe number of interface that is UP in Protocol is 2\nThe number of interface that is DOWN in Protocol is 3\n\nInterface                         IP Address/Mask      Physical   Protocol  \nVlanif350                         10.192.10.10/24      up         up", 
        "Huawei Versatile Routing Platform Software\nVRP (R) software, Version 5.160 (S6720 V200R009C00SPC500)\nCopyright (C) 2000-2016 HUAWEI TECH CO., LTD\nHUAWEI S6720S-26Q-EI-24S-AC Routing Switch uptime is 32 weeks, 4 days, 23 hours, 59 minutes\n\nES5D2S26Q003 0(Master) : uptime is 32 weeks, 4 days, 23 hours, 58 minutes\n2048M bytes DDR Memory\n446M bytes FLASH\nPcb      Version :  VER.B\nBasic  BootROM  Version : 0209.0001 Compiled at Jul 11 2016, 16:50:52\nBootLoad  Version : 0209.0001 Compiled at Jul 19 2016, 00:20:25\nCPLD   Version : 0105 \nSoftware Version : VRP (R) Software, Version 5.160 (V200R009C00SPC500)\nPWR1 information\nPcb      Version : PWR VER.A\nPWR2 information\nPcb      Version : PWR VER.A\n\nES5D2S26Q003 1(Standby) : uptime is 14 weeks, 3 days, 23 hours, 33 minutes\n2048M bytes DDR Memory\n446M bytes FLASH\nPcb      Version :  VER.B\nBasic  BootROM  Version : 0209.0001 Compiled at Jul 11 2016, 16:50:52\nBootLoad  Version : 0209.0001 Compiled at Jul 19 2016, 00:20:25\nCPLD   Version : 0105 \nSoftware Version : VRP (R) Software, Version 5.160 (V200R009C00SPC500)\nPWR1 information\nPcb      Version : PWR VER.A\nPWR2 information\nPcb      Version : PWR VER.A"
    ], 
    "stdout_lines": [
        [
            "sysname SW1-Dist-Krakeroy"
        ], 
        [
            "display lldp neighbor | include Port ID|System|neighbor|OperM \u001b[1Dau", 
            "XGigabitEthernet0/0/1 has 1 neighbor(s):", 
            "Port ID type   :Interface name", 
            "Port ID        :XGigabitEthernet0/0/1", 
            "System name         :SW1-DIST-Hvalerraadhus", 
            "System description  :S6720S-26Q-EI-24S-AC", 
            "System capabilities supported   :bridge router", 
            "System capabilities enabled     :bridge router", 
            "OperMau   :speed(1000)/duplex(Full)", 
            "XGigabitEthernet0/0/3 has 1 neighbor(s):", 
            "Port ID type   :Interface name", 
            "Port ID        :gi2", 
            "System capabilities supported   :bridge", 
            "System capabilities enabled     :bridge", 
            "XGigabitEthernet0/0/4 has 1 neighbor(s):", 
            "Port ID type   :Interface name", 
            "Port ID        :GigabitEthernet0/3/1", 
            "System name         :R2-BNG-KRAKEROY", 
            "System description  :Huawei Versatile Routing Platform Software", 
            "System capabilities supported   :bridge router", 
            "System capabilities enabled     :bridge router", 
            "OperMau   :speed(10000)/duplex(Full)", 
            "XGigabitEthernet0/0/5 has 1 neighbor(s):", 
            "Port ID type   :Interface name", 
            "Port ID        :XGigabitEthernet0/0/1", 
            "System name         :SW1-Access-Krakeroy", 
            "System description  :S5700-28X-LI-24S-AC", 
            "System capabilities supported   :bridge", 
            "System capabilities enabled     :bridge", 
            "OperMau   :speed(1000)/duplex(Full)", 
            "XGigabitEthernet0/0/6 has 1 neighbor(s):", 
            "Port ID type   :Interface name", 
            "Port ID        :XGigabitEthernet0/0/1", 
            "System name         :SW1-Access-Norderhaug", 
            "System description  :S5701-28X-LI-24S-AC", 
            "System capabilities supported   :bridge", 
            "System capabilities enabled     :bridge", 
            "OperMau   :speed(1000)/duplex(Full)", 
            "XGigabitEthernet0/0/7 has 1 neighbor(s):", 
            "Port ID type   :Interface name", 
            "Port ID        :XGigabitEthernet0/0/1", 
            "System name         :SW1-Access-Holmetangen", 
            "System description  :S5701-28X-LI-24S-AC", 
            "System capabilities supported   :bridge", 
            "System capabilities enabled     :bridge", 
            "OperMau   :speed(1000)/duplex(Full)", 
            "XGigabitEthernet0/0/9 has 1 neighbor(s):", 
            "Port ID type   :Interface name", 
            "Port ID        :XGigabitEthernet0/0/1", 
            "System name         :SW2-Access-Sandhella", 
            "System description  :S5701-28X-LI-24S-AC", 
            "System capabilities supported   :bridge", 
            "System capabilities enabled     :bridge", 
            "OperMau   :speed(1000)/duplex(Full)", 
            "XGigabitEthernet0/0/10 has 1 neighbor(s):", 
            "Port ID type   :Interface name", 
            "Port ID        :XGigabitEthernet0/0/1", 
            "System name         :SW1-DIST-DYPEDAL", 
            "System description  :S6720S-26Q-EI-24S-AC", 
            "System capabilities supported   :bridge router", 
            "System capabilities enabled     :bridge router", 
            "OperMau   :speed(10000)/duplex(Full)", 
            "XGigabitEthernet0/0/12 has 1 neighbor(s):", 
            "Port ID type   :Interface name", 
            "Port ID        :XGigabitEthernet0/0/2", 
            "System name         :SW1-Access-Krakeroy", 
            "System description  :S5700-28X-LI-24S-AC", 
            "System capabilities supported   :bridge", 
            "System capabilities enabled     :bridge", 
            "OperMau   :speed(10000)/duplex(Full)", 
            "XGigabitEthernet0/0/15 has 1 neighbor(s):", 
            "Port ID type   :Interface name", 
            "Port ID        :XGigabitEthernet0/0/1", 
            "System name         :SW1-Dist-Korshavn", 
            "System description  :S6720S-26Q-EI-24S-AC", 
            "System capabilities supported   :bridge router", 
            "System capabilities enabled     :bridge router", 
            "OperMau   :speed(10000)/duplex(Full)", 
            "XGigabitEthernet0/0/21 has 1 neighbor(s):", 
            "Port ID type   :Interface name", 
            "Port ID        :GigabitEthernet1/0/0", 
            "System name         :R1-BNG-Krakeroy", 
            "System description  :", 
            "System capabilities supported   :bridge router", 
            "System capabilities enabled     :bridge router", 
            "XGigabitEthernet0/0/22 has 1 neighbor(s):", 
            "Port ID type   :Interface name", 
            "Port ID        :GigabitEthernet1/0/1", 
            "System name         :R1-BNG-Krakeroy", 
            "System description  :", 
            "System capabilities supported   :bridge router", 
            "System capabilities enabled     :bridge router", 
            "XGigabitEthernet0/0/23 has 1 neighbor(s):", 
            "Port ID type   :Interface name", 
            "Port ID        :GigabitEthernet0/3/2", 
            "System name         :R2-BNG-KRAKEROY", 
            "System description  :Huawei Versatile Routing Platform Software", 
            "System capabilities supported   :bridge router", 
            "System capabilities enabled     :bridge router", 
            "OperMau   :speed(10000)/duplex(Full)", 
            "XGigabitEthernet0/0/24 has 1 neighbor(s):", 
            "Port ID type   :Interface name", 
            "Port ID        :XGigabitEthernet0/0/1", 
            "System name         :sw2-access-neset", 
            "System description  :S5701-28X-LI-24S-AC", 
            "System capabilities supported   :bridge", 
            "System capabilities enabled     :bridge", 
            "OperMau   :speed(10000)/duplex(Full)"
        ], 
        [
            "*down: administratively down", 
            "^down: standby", 
            "(l): loopback", 
            "(s): spoofing", 
            "(E): E-Trunk down", 
            "The number of interface that is UP in Physical is 4", 
            "The number of interface that is DOWN in Physical is 1", 
            "The number of interface that is UP in Protocol is 2", 
            "The number of interface that is DOWN in Protocol is 3", 
            "", 
            "Interface                         IP Address/Mask      Physical   Protocol  ", 
            "Vlanif350                         10.192.10.10/24      up         up"
        ], 
        [
            "Huawei Versatile Routing Platform Software", 
            "VRP (R) software, Version 5.160 (S6720 V200R009C00SPC500)", 
            "Copyright (C) 2000-2016 HUAWEI TECH CO., LTD", 
            "HUAWEI S6720S-26Q-EI-24S-AC Routing Switch uptime is 32 weeks, 4 days, 23 hours, 59 minutes", 
            "", 
            "ES5D2S26Q003 0(Master) : uptime is 32 weeks, 4 days, 23 hours, 58 minutes", 
            "2048M bytes DDR Memory", 
            "446M bytes FLASH", 
            "Pcb      Version :  VER.B", 
            "Basic  BootROM  Version : 0209.0001 Compiled at Jul 11 2016, 16:50:52", 
            "BootLoad  Version : 0209.0001 Compiled at Jul 19 2016, 00:20:25", 
            "CPLD   Version : 0105 ", 
            "Software Version : VRP (R) Software, Version 5.160 (V200R009C00SPC500)", 
            "PWR1 information", 
            "Pcb      Version : PWR VER.A", 
            "PWR2 information", 
            "Pcb      Version : PWR VER.A", 
            "", 
            "ES5D2S26Q003 1(Standby) : uptime is 14 weeks, 3 days, 23 hours, 33 minutes", 
            "2048M bytes DDR Memory", 
            "446M bytes FLASH", 
            "Pcb      Version :  VER.B", 
            "Basic  BootROM  Version : 0209.0001 Compiled at Jul 11 2016, 16:50:52", 
            "BootLoad  Version : 0209.0001 Compiled at Jul 19 2016, 00:20:25", 
            "CPLD   Version : 0105 ", 
            "Software Version : VRP (R) Software, Version 5.160 (V200R009C00SPC500)", 
            "PWR1 information", 
            "Pcb      Version : PWR VER.A", 
            "PWR2 information", 
            "Pcb      Version : PWR VER.A"
        ]
    ]
}
{
    "changed": false, 
    "deprecations": [
        {
            "msg": "Param 'transport' is deprecated. See the module docs for more information", 
            "version": 2.9
        }
    ], 
    "failed": false, 
    "stdout": [
        "sysname SW1-DIST-DYPEDAL", 
        "display lldp neighbor | include Port ID|System|neighbor|OperMa \u001b[1Du\nXGigabitEthernet0/0/1 has 1 neighbor(s):\nPort ID type   :Interface name\nPort ID        :XGigabitEthernet0/0/10\nSystem name         :SW1-Dist-Krakeroy\nSystem description  :S6720S-26Q-EI-24S-AC\nSystem capabilities supported   :bridge router\nSystem capabilities enabled     :bridge router\nOperMau   :speed(10000)/duplex(Full)\nXGigabitEthernet0/0/2 has 1 neighbor(s):\nPort ID type   :Interface name\nPort ID        :XGigabitEthernet0/0/3\nSystem name         :SW1-Access-Dypedal\nSystem description  :S5701-28X-LI-24S-AC\nSystem capabilities supported   :bridge\nSystem capabilities enabled     :bridge\nOperMau   :speed(10000)/duplex(Full)\nXGigabitEthernet0/0/3 has 1 neighbor(s):\nPort ID type   :Interface name\nPort ID        :XGigabitEthernet0/0/4\nSystem name         :SW2-Access-Olasvingen\nSystem description  :S5701-28X-LI-24S-AC\nSystem capabilities supported   :bridge\nSystem capabilities enabled     :bridge\nOperMau   :speed(10000)/duplex(Full)\nXGigabitEthernet0/0/4 has 1 neighbor(s):\nPort ID type   :Interface name\nPort ID        :XGigabitEthernet0/0/2\nSystem name         :SW1-access-Brattesto\nSystem description  :S5701-28X-LI-24S-AC\nSystem capabilities supported   :bridge\nSystem capabilities enabled     :bridge\nOperMau   :speed(10000)/duplex(Full)", 
        "*down: administratively down\n^down: standby\n(l): loopback\n(s): spoofing\n(E): E-Trunk down\nThe number of interface that is UP in Physical is 3\nThe number of interface that is DOWN in Physical is 1\nThe number of interface that is UP in Protocol is 2\nThe number of interface that is DOWN in Protocol is 2\n\nInterface                         IP Address/Mask      Physical   Protocol  \nVlanif350                         10.192.10.15/24      up         up", 
        "Huawei Versatile Routing Platform Software\nVRP (R) software, Version 5.160 (S6720 V200R009C00SPC500)\nCopyright (C) 2000-2016 HUAWEI TECH CO., LTD\nHUAWEI S6720S-26Q-EI-24S-AC Routing Switch uptime is 7 weeks, 3 days, 21 hours, 5 minutes\n\nES5D2S26Q003 0(Master) : uptime is 7 weeks, 3 days, 21 hours, 5 minutes\n2048M bytes DDR Memory\n446M bytes FLASH\nPcb      Version :  VER.B\nBasic  BootROM  Version : 0209.0001 Compiled at Jul 11 2016, 16:50:52\nBootLoad  Version : 0209.0001 Compiled at Jul 19 2016, 00:20:25\nCPLD   Version : 0105 \nSoftware Version : VRP (R) Software, Version 5.160 (V200R009C00SPC500)\nPWR1 information\nPcb      Version : PWR VER.A"
    ], 
    "stdout_lines": [
        [
            "sysname SW1-DIST-DYPEDAL"
        ], 
        [
            "display lldp neighbor | include Port ID|System|neighbor|OperMa \u001b[1Du", 
            "XGigabitEthernet0/0/1 has 1 neighbor(s):", 
            "Port ID type   :Interface name", 
            "Port ID        :XGigabitEthernet0/0/10", 
            "System name         :SW1-Dist-Krakeroy", 
            "System description  :S6720S-26Q-EI-24S-AC", 
            "System capabilities supported   :bridge router", 
            "System capabilities enabled     :bridge router", 
            "OperMau   :speed(10000)/duplex(Full)", 
            "XGigabitEthernet0/0/2 has 1 neighbor(s):", 
            "Port ID type   :Interface name", 
            "Port ID        :XGigabitEthernet0/0/3", 
            "System name         :SW1-Access-Dypedal", 
            "System description  :S5701-28X-LI-24S-AC", 
            "System capabilities supported   :bridge", 
            "System capabilities enabled     :bridge", 
            "OperMau   :speed(10000)/duplex(Full)", 
            "XGigabitEthernet0/0/3 has 1 neighbor(s):", 
            "Port ID type   :Interface name", 
            "Port ID        :XGigabitEthernet0/0/4", 
            "System name         :SW2-Access-Olasvingen", 
            "System description  :S5701-28X-LI-24S-AC", 
            "System capabilities supported   :bridge", 
            "System capabilities enabled     :bridge", 
            "OperMau   :speed(10000)/duplex(Full)", 
            "XGigabitEthernet0/0/4 has 1 neighbor(s):", 
            "Port ID type   :Interface name", 
            "Port ID        :XGigabitEthernet0/0/2", 
            "System name         :SW1-access-Brattesto", 
            "System description  :S5701-28X-LI-24S-AC", 
            "System capabilities supported   :bridge", 
            "System capabilities enabled     :bridge", 
            "OperMau   :speed(10000)/duplex(Full)"
        ], 
        [
            "*down: administratively down", 
            "^down: standby", 
            "(l): loopback", 
            "(s): spoofing", 
            "(E): E-Trunk down", 
            "The number of interface that is UP in Physical is 3", 
            "The number of interface that is DOWN in Physical is 1", 
            "The number of interface that is UP in Protocol is 2", 
            "The number of interface that is DOWN in Protocol is 2", 
            "", 
            "Interface                         IP Address/Mask      Physical   Protocol  ", 
            "Vlanif350                         10.192.10.15/24      up         up"
        ], 
        [
            "Huawei Versatile Routing Platform Software", 
            "VRP (R) software, Version 5.160 (S6720 V200R009C00SPC500)", 
            "Copyright (C) 2000-2016 HUAWEI TECH CO., LTD", 
            "HUAWEI S6720S-26Q-EI-24S-AC Routing Switch uptime is 7 weeks, 3 days, 21 hours, 5 minutes", 
            "", 
            "ES5D2S26Q003 0(Master) : uptime is 7 weeks, 3 days, 21 hours, 5 minutes", 
            "2048M bytes DDR Memory", 
            "446M bytes FLASH", 
            "Pcb      Version :  VER.B", 
            "Basic  BootROM  Version : 0209.0001 Compiled at Jul 11 2016, 16:50:52", 
            "BootLoad  Version : 0209.0001 Compiled at Jul 19 2016, 00:20:25", 
            "CPLD   Version : 0105 ", 
            "Software Version : VRP (R) Software, Version 5.160 (V200R009C00SPC500)", 
            "PWR1 information", 
            "Pcb      Version : PWR VER.A"
        ]
    ]
}
